rank,name,revenues,revenue pct change,profitsprofits percent change,assets,market value,change in rank 1000,employees,change in rank 500
Walmart,1,"572,754",2.40%,"$13,673",1.20%,"$244,860","$409,795",-,"2,300,000",-
Amazon,2,"$469,822",21.70%,"$33,364",56.40%,"420,549","$1,658,807.30",-,"1,608,000",-
Apple,3,"$365,817",33.30%,"94,680",64.90%,"$351,002","2,849,538",-,"154,000",-
CVS Health,4,"292,111",8.70%,"$7,910",10.20%,"$232,999","$132,839.20",-,"258,000",-
UnitedHealth Group,5,"$287,597",11.80%,"$17,285",12.20%,"212,206","$479,830.30",-,"350,000",-
Exxon Mobil,6,"$285,640",57.40%,"23,040",-,"$338,923","349,652",4,"63,000",4
Berkshire Hathaway,7,"276,094",12.50%,"$89,795",111.20%,"$958,784","$779,542.30",-1,"372,000",-1
Alphabet,8,"$257,637",41.20%,"$76,033",88.80%,"359,268","$1,842,326.10",1,"156,500",1
McKesson,9,"$238,228",3.10%,"-4,539",-604.30%,"$65,015","45,858",-2,"67,500",-2
AmerisourceBergen,10,"213,989",12.70%,"$1,539.90",-,"$57,337.80","$32,355.70",-2,"40,000",-2
Costco Wholesale,11,"$195,929",17.50%,"$5,007",25.10%,"59,268","$255,230.70",1,"288,000",1
Cigna,12,"$174,078",8.50%,"5,365",-36.60%,"$154,889","76,286",1,"72,963",1
AT&T,13,"168,864",-1.70%,"$20,081",-,"$551,622","$169,262.40",-2,"202,600",-2
Microsoft,14,"$168,088",17.50%,"$61,271",38.40%,"333,779","$2,311,358.90",1,"181,000",1
Cardinal Health,15,"$162,467",6.20%,611,-,"$44,453","15,709",-1,"46,827",-1
Chevron,16,"162,465",71.60%,"$15,625",-,"$239,535","$317,120.10",11,"42,595",11
Home Depot,17,"$151,157",14.40%,"$16,433",27.70%,"71,876","$309,312.60",1,"490,600",1
Walgreens Boots Alliance,18,"$148,579",6.50%,"2,542",457.50%,"$81,285","38,671",-2,"258,500",-2
Marathon Petroleum,19,"141,032",58.50%,"$9,738",-,"$85,373","$47,758.10",13,"17,700",13
Anthem,20,"$138,639",13.80%,"$6,104",33.50%,"97,460","$118,533.50",3,"98,200",3
Kroger,21,"$137,888",4.10%,"1,655",-36%,"$49,086","41,496",-4,"420,000",-4
Ford Motor,22,"136,341",7.20%,"$17,937",-,"$257,035","$67,958.20",-1,"183,000",-1
Verizon Communications,23,"$133,613",4.10%,"$22,065",24%,"366,596","$213,837.10",-3,"118,400",-3
JPMorgan Chase,24,"$127,202",-1.80%,"48,334",65.90%,"$3,743,567","402,527",-5,"271,025",-5
General Motors,25,"127,004",3.70%,"$10,019",55.90%,"$244,718","$63,555.20",-3,"157,000",-3
Centene,26,"$125,982",13.40%,"$1,347",-25.50%,"78,375","$49,072.20",-2,"72,500",-2
Meta Platforms,27,"$117,929",37.20%,"39,370",35.10%,"$165,987","605,251",7,"71,970",7
Comcast,28,"116,385",12.40%,"$14,159",34.40%,"$275,905","$212,245.80",-2,"189,000",-2
Phillips 66,29,"$114,852",75.40%,"$1,317",-,"$55,594","$41,561",19,"14,000",19
Valero Energy,30,"$108,332",80.20%,$930,-,"$57,888","$41,572.20",23,"9,804",23
Dell Technologies,31,"$106,995",13.60%,"$5,563",71.20%,"$92,735","$38,164.40",-3,"133,000",-3
Target,32,"$106,005",13.30%,"$6,946",59%,"$53,811","$98,134.40",-2,"450,000",-2
Fannie Mae,33,"$101,543",-4.60%,"$22,176",87.90%,"$4,229,166",$909.10,-8,"7,400",-8
UPS,34,"$97,287",15%,"$12,890",859.80%,"$69,405","$186,816.60",1,"400,945",1
Lowe's,35,"$96,250",7.40%,"$8,442",44.70%,"$44,640","$133,761.10",-4,"270,000",-4
Bank of America,36,"$93,851",0.10%,"$31,978",78.70%,"$3,169,495","$332,433.30",-7,"208,248",-7
Johnson & Johnson,37,"$93,775",13.60%,"$20,878",41.90%,"$182,018","$466,046.70",-1,"141,700",-1
Archer Daniels Midland,38,"$85,249",32.50%,"$2,709",52.90%,"$56,136","$50,769.20",13,"39,979",13
FedEx,39,"$83,959",21.30%,"$5,231",306.80%,"$82,777","$59,971.30",6,"484,000",6
Humana,40,"$83,064",7.70%,"$2,933",-12.90%,"$44,358","$55,154.90",1,"95,500",1
Wells Fargo,41,"$82,407",2.60%,"$21,548",552.80%,"$1,948,068","$184,225",-4,"247,848",-4
State Farm Insurance,42,"$82,224.70",4.20%,"$1,280.90",-65.70%,"$325,349.30",-,-3,"53,586",-3
Pfizer,43,"$81,288",94%,"$21,979",128.60%,"$181,476","$292,385.30",34,"79,000",34
Citigroup,44,"$79,865",-10.10%,"$21,952",98.70%,"$2,291,413","$105,330.10",-11,"221,768",-11
PepsiCo,45,"$79,474",12.90%,"$7,618",7%,"$92,377","$231,528.20",-1,"309,000",-1
Intel,46,"$79,024",1.50%,"$19,868",-4.90%,"$168,406","$202,635.80",-6,"121,100",-6
Procter & Gamble,47,"$76,118",7.30%,"$14,306",9.80%,"$119,307","$366,271.60",-4,"101,000",-4
General Electric,48,"$74,196",-6.80%,"-$6,520",-214.30%,"$198,874","$100,810.20",-10,"168,000",-10
IBM,49,"$72,344",-1.70%,"$5,743",2.70%,"$132,001","$116,928.30",-7,"297,800",-7
MetLife,50,"$71,080",4.80%,"$6,554",21.20%,"$759,708","$57,986.50",-4,"43,000",-4
Prudential Financial,51,"$70,934",24.40%,"$7,724",-,"$937,582","$44,482.20",4,"40,916",4
Albertsons,52,"$69,690.40",11.60%,$850.20,82.30%,"$26,598","$16,063.70",-,"300,000",-
Walt Disney,53,"$67,418",3.10%,"$1,995",-,"$203,609","$249,718.10",-3,"171,000",-3
Energy Transfer,54,"$67,417",73.10%,"$5,470",-,"$105,963","$34,496.90",27,"12,558",27
Lockheed Martin,55,"$67,044",2.50%,"$6,315",-7.60%,"$50,873","$117,648.20",-6,"114,000",-6
Freddie Mac,56,"$65,898",-0.50%,"$12,109",65.30%,"$3,025,586",$510.30,-9,"7,301",-9
Goldman Sachs Group,57,"$64,989",21.50%,"$21,635",128.70%,"$1,463,988","$117,667.60",2,"43,900",2
Raytheon Technologies,58,"$64,388",13.80%,"$3,864",-,"$161,404","$147,640.90",-1,"174,000",-1
HP,59,"$63,487",12.10%,"$6,503",128.70%,"$38,610","$38,237.20",-3,"51,000",-3
Boeing,60,"$62,286",7.10%,"-$4,202",-,"$138,552","$113,058.70",-6,"142,000",-6
Morgan Stanley,61,"$61,121",17.40%,"$15,034",36.70%,"$1,188,140","$155,685.60",-,"74,814",-
HCA Healthcare,62,"$58,752",14%,"$6,956",85.30%,"$50,742","$75,691.90",-,"244,000",-
AbbVie,63,"$56,197",22.70%,"$11,542",150%,"$146,529","$286,332.40",5,"50,000",5
Dow,64,"$54,968",42.60%,"$6,311",415.20%,"$62,990","$46,839.70",18,"35,700",18
Tesla,65,"$53,823",70.70%,"$5,519",665.50%,"$62,131","$1,113,707.80",35,"99,290",35
Allstate,66,"$53,228",18.80%,"$1,599",-71.30%,"$99,440","$38,553.70",4,"54,500",4
AIG,67,"$52,057",19%,"$9,388",-,"$596,112","$50,608.20",5,"36,600",5
Best Buy,68,"$51,761",9.50%,"$2,454",36.50%,"$17,504","$20,473.20",-2,"81,375",-2
Charter Communications,69,"$51,682",7.50%,"$4,654",44.40%,"$142,491","$112,803.40",-5,"93,700",-5
Sysco,70,"$51,297.80",-3%,$524.20,143.30%,"$21,413.50","$41,433.10",-10,"57,710",-10
Merck,71,"$51,216",6.70%,"$13,049",84.60%,"$105,694","$207,400.50",-6,"67,500",-6
New York Life Insurance,72,"$51,198.50",9.60%,$277.10,-,"$379,984.60",-,-5,"14,344",-5
Caterpillar,73,"$50,971",22.10%,"$6,489",116.40%,"$82,793","$119,406.60",5,"107,700",5
Cisco Systems,74,"$49,818",1%,"$10,591",-5.60%,"$97,497","$231,636.40",-11,"79,500",-11
TJX,75,"$48,550",51.10%,"$3,282.80",3528.60%,"$28,461.50","$71,195.30",22,"340,000",22
Publix Super Markets,76,"$48,393.90",7.10%,"$4,412.20",11.10%,"$31,524.30",-,-7,"232,000",-7
ConocoPhillips,77,"$48,349",151.10%,"$8,079",-,"$90,661","$129,605.10",79,"9,900",79
Liberty Mutual Insurance Group,78,"$48,200",10.10%,"$3,068",304.70%,"$156,043",-,-7,"45,000",-7
Progressive,79,"$47,702",11.80%,"$3,350.90",-41.30%,"$71,132.30","$66,670.30",-5,"49,077",-5
Nationwide,80,"$47,376",13%,"$1,617.20",-,"$278,412.20",-,-4,"24,134",-4
Tyson Foods,81,"$47,049",8.90%,"$3,047",47.80%,"$36,309","$32,487.80",-8,"137,000",-8
Bristol-Myers Squibb,82,"$46,385",9.10%,"$6,994",-,"$109,314","$155,203.50",-7,"32,200",-7
Nike,83,"$44,538",19.10%,"$5,727",125.60%,"$37,740","$212,779.10",2,"73,300",2
Deere,84,"$44,024",23.90%,"$5,963",116.80%,"$84,114","$127,456.60",4,"75,550",4
American Express,85,"$43,663",14.30%,"$8,060",157.10%,"$188,548","$141,613",-2,"64,000",-2
Abbott Laboratories,86,"$43,075",24.50%,"$7,071",57.30%,"$75,196","$208,725.80",3,"113,000",3
StoneX Group,87,"$42,534.20",-21.40%,$116.30,-31.40%,"$18,839.60","$1,494.40",-29,"3,242",-29
Plains GP Holdings,88,"$42,078",80.70%,$60,-,"$29,978","$2,242.90",39,"4,100",39
Enterprise Products Partners,89,"$40,806.90",50%,"$4,637.70",22.80%,"$67,525.60","$56,172.40",16,"6,911",16
TIAA,90,"$40,526.40",-2.60%,"$4,060.70",627.60%,"$698,190.80",-,-11,"15,065",-11
Oracle,91,"$40,479",3.60%,"$13,746",35.60%,"$131,107","$220,736.60",-11,"132,000",-11
Thermo Fisher Scientific,92,"$39,211",21.70%,"$7,725",21.20%,"$95,123","$231,057.40",3,"129,000",3
Coca-Cola,93,"$38,655",17.10%,"$9,771",26.10%,"$94,354","$268,769.70",-,"79,000",-
General Dynamics,94,"$38,469",1.40%,"$3,257",2.80%,"$50,073","$67,081",-10,"103,100",-10
CHS,95,"$38,448",35.40%,$554,31.10%,"$17,576.30",-,8,"9,941",8
USAA,96,"$37,469.60",3.20%,"$3,300",-15.50%,"$210,676.50",-,-9,"37,335",-9
Northwestern Mutual,97,"$36,751.20",8.80%,$977.80,130.10%,"$334,653.80",-,-7,"7,585",-7
Nucor,98,"$36,483.90",81.20%,"$6,827.50",846.30%,"$25,823.10","$39,954",51,"28,800",51
Exelon,99,"$36,347",10%,"$1,706",-13.10%,"$133,013","$46,683.90",-7,"31,518",-7
Massachusetts Mutual Life Insurance,100,"$35,899.50",51.70%,$319.30,-,"$383,292.40",-,23,"10,052",23
Northrop Grumman,101,"$35,667",-3.10%,"$7,005",119.70%,"$42,579","$69,811.90",-15,"88,000",-15
3M,102,"$35,355",9.90%,"$5,921",10%,"$47,072","$84,738.30",-6,"95,000",-6
Travelers,103,"$34,816",8.90%,"$3,662",35.80%,"$120,466","$44,129.40",-5,"30,492",-5
Arrow Electronics,104,"$34,477",20.20%,"$1,108.20",89.60%,"$19,535.50","$7,951.30",-2,"20,700",-2
Honeywell International,105,"$34,392",5.40%,"$5,542",16%,"$64,470","$133,381",-11,"99,000",-11
Dollar General,106,"$34,220.40",1.40%,"$2,399.20",-9.60%,"$26,327.40","$50,953",-15,"163,000",-15
Qualcomm,107,"$33,566",42.60%,"$9,043",74%,"$41,240","$172,228.10",17,"45,000",17
Capital One Financial,108,"$32,033",1.20%,"$12,390",356.50%,"$432,381","$53,260.40",-9,"50,767",-9
TD Synnex,109,"$31,614.20",28.10%,$395.10,-25.30%,"$27,666.40","$9,853.60",8,"27,000",8
Philip Morris International,110,"$31,405",9.40%,"$9,109",13.10%,"$41,290","$145,614.70",-9,"69,600",-9
World Fuel Services,111,"$31,337",53.90%,$73.70,-32.80%,"$5,942.40","$1,715.50",36,"4,414",36
Performance Food Group,112,"$30,398.90",21.20%,$40.70,-,"$7,845.70","$7,880.90",2,"22,885",2
Delta Air Lines,113,"$29,899",74.90%,$280,-,"$72,459","$25,322",65,"83,000",65
American Airlines Group,114,"$29,882",72.40%,"-$1,993",-,"$66,467","$11,847.20",60,"123,400",60
Netflix,115,"$29,697.80",18.80%,"$5,116.20",85.30%,"$44,584.70","$166,304.10",-,"11,300",-
Paramount Global,116,"$29,579",13%,"$4,543",87.60%,"$58,620","$24,628.80",-7,"25,115",-7
US Foods Holding,117,"$29,487",28.80%,$164,-,"$12,521","$8,392.30",11,"28,000",11
Danaher,118,"$29,453",32.20%,"$6,433",76.40%,"$83,184","$209,993.40",12,"79,000",12
Jabil,119,"$29,285",7.40%,$696,1191%,"$16,654","$8,857.30",-15,"238,000",-15
Starbucks,120,"$29,060.60",23.60%,"$4,199.30",352.40%,"$31,392.60","$104,642.80",5,"383,000",5
Mondelez International,121,"$28,720",8%,"$4,300",21%,"$67,092","$87,159.20",-13,"79,000",-13
Eli Lilly,122,"$28,318.40",15.40%,"$5,581.70",-9.90%,"$48,806","$272,723.60",-4,"35,238",-4
Hewlett Packard Enterprise,123,"$27,784",3%,"$3,427",-,"$57,699","$21,725.30",-17,"60,400",-17
D.R. Horton,124,"$27,774.20",36.70%,"$4,175.80",75.90%,"$24,015.90","$26,403.20",24,"11,788",24
Molina Healthcare,125,"$27,771",43%,$659,-2.10%,"$12,209","$19,572.90",30,"14,000",30
CBRE Group,126,"$27,746",16.50%,"$1,836.60",144.20%,"$22,073.50","$30,414.20",-4,"105,000",-4
Micron Technology,127,"$27,705",29.30%,"$5,861",118.10%,"$58,849","$86,977.20",8,"43,000",8
Broadcom,128,"$27,450",14.90%,"$6,736",127.60%,"$75,570","$257,086.50",-7,"20,000",-7
Gilead Sciences,129,"$27,305",10.60%,"$6,225",4961%,"$67,952","$74,656.50",-13,"14,400",-13
PBF Energy,130,"$27,253.40",80.30%,$231,-,"$11,641.40","$2,932.60",73,"3,418",73
Lennar,131,"$27,130.70",20.60%,"$4,430.10",79.70%,"$33,207.80","$23,413",-2,"10,753",-2
United Natural Foods,132,"$26,992",0.90%,$149,-,"$7,525","$2,409.30",-25,"28,300",-25
NRG Energy,133,"$26,989",196.80%,"$2,187",328.80%,"$23,182","$9,289",200,"6,635",200
Nvidia,134,"$26,914",61.40%,"$9,752",125.10%,"$44,187","$684,878.60",50,"22,473",50
Occidental Petroleum,135,"$26,772",60.50%,"$2,322",-,"$75,036","$53,160.20",48,"11,678",48
Salesforce,136,"$26,492",24.70%,"$1,444",-64.50%,"$95,209","$210,196.80",1,"73,541",1
Dollar Tree,137,"$26,321.20",3.20%,"$1,327.90",-1%,"$21,721.80","$36,051.40",-26,"136,226",-26
KKR,138,"$26,141.30",171.50%,"$4,666.50",133%,"$264,285.40","$51,542.90",178,"3,238",178
Kraft Heinz,139,"$26,042",-0.50%,"$1,012",184.30%,"$93,394","$48,248.60",-29,"36,000",-29
Amgen,140,"$25,979",2.20%,"$5,893",-18.90%,"$61,165","$134,700.80",-28,"24,200",-28
AutoNation,141,"$25,844",26.70%,"$1,373",259.80%,"$8,943.60","$6,111.40",4,"22,200",4
Penske Automotive Group,142,"$25,554.70",25%,"$1,187.80",118.50%,"$13,464.60","$7,196.70",1,"24,797",1
PayPal Holdings,143,"$25,371",18.30%,"$4,169",-0.80%,"$75,803","$134,732.80",-9,"30,900",-9
Macy's,144,"$25,292",39.80%,"$1,430",-,"$17,590","$7,123.20",20,"88,857",20
Duke Energy,145,"$24,677",5.20%,"$3,908",183.80%,"$169,587","$85,967",-19,"27,605",-19
United Airlines Holdings,146,"$24,634",60.40%,"-$1,964",-,"$68,175","$15,049.70",54,"84,100",54
Visa,147,"$24,105",10.30%,"$12,311",13.30%,"$82,896","$480,022.50",-14,"21,500",-14
Rite Aid,148,"$24,043.40",9.60%,-$90.90,-,"$9,335.40",$488.10,-16,"50,000",-16
Cummins,149,"$24,021",21.30%,"$2,131",19.10%,"$23,710","$29,140.90",1,"59,900",1
U.S. Bancorp,150,"$23,714",-6%,"$7,963",60.60%,"$573,284","$78,929.80",-37,"68,796",-37
Paccar,151,"$23,522.30",25.60%,"$1,852.10",42.60%,"$29,301.70","$30,619.70",8,"28,500",8
McDonald's,152,"$23,222.90",20.90%,"$7,545.20",59.50%,"$53,854.30","$183,873.60",5,"200,000",5
Southern,153,"$23,113",13.40%,"$2,393",-23.30%,"$127,534","$76,877",-7,"27,164",-7
C.H. Robinson Worldwide,154,"$23,102.10",42.50%,$844.20,66.70%,"$7,028.10","$13,855.80",37,"16,877",37
Truist Financial,155,"$23,064",-5.60%,"$6,440",43.70%,"$541,241","$75,353.90",-36,"51,462",-36
Applied Materials,156,"$23,063",34.10%,"$5,888",62.70%,"$25,825","$116,431.40",20,"27,000",20
Freeport-McMoRan,157,"$22,845",60.90%,"$4,306",618.90%,"$48,022","$72,360.80",58,"24,700",58
Lithia Motors,158,"$22,831.70",74%,"$1,060",125.40%,"$11,146.90","$8,909.80",73,"21,150",73
Blackstone,159,"$22,577.10",270%,"$5,857.40",460.30%,"$41,196.40","$88,907.20",295,"3,795",295
Hartford Financial Services Group,160,"$22,390",9.10%,"$2,365",36.20%,"$76,578","$23,815.60",-18,"18,100",-18
Aflac,161,"$22,106",-0.20%,"$4,325",-9.50%,"$157,542","$41,812.80",-30,"12,447",-30
Whirlpool,162,"$21,985",13%,"$1,783",64.90%,"$20,285","$10,101.20",-8,"69,000",-8
Union Pacific,163,"$21,804",11.60%,"$6,523",21.90%,"$63,525","$171,681.60",-10,"32,124",-10
International Paper,164,"$21,780",5.80%,"$1,752",263.50%,"$25,243","$17,301.10",-23,"38,200",-23
Altria Group,165,"$21,111",1.30%,"$2,475",-44.60%,"$39,523","$94,951.70",-27,"6,000",-27
CDW,166,"$20,820.80",12.70%,$988.60,25.40%,"$13,199.40","$24,140.20",-5,"13,900",-5
ManpowerGroup,167,"$20,724.40",15.10%,$382.40,1506.70%,"$9,828.90","$5,025.60",-2,"30,000",-2
PG&E,168,"$20,642",11.80%,-$102,-,"$103,327","$29,433.70",-8,"26,000",-8
Carrier Global,169,"$20,613",18.10%,"$1,664",-16%,"$26,172","$39,127.40",2,"58,000",2
Baker Hughes,170,"$20,502",-1%,-$219,-,"$35,308","$37,410.20",-30,"54,000",-30
Cleveland-Cliffs,171,"$20,444",281.80%,"$2,988",-,"$18,975","$16,891.20",330,"26,000",-
United States Steel,172,"$20,275",108.10%,"$4,174",-,"$17,816","$9,832.30",138,"24,540",138
Becton Dickinson,173,"$20,248",18.30%,"$2,092",139.40%,"$53,866","$75,749.10",4,"75,000",4
CarMax,174,"$20,092.10",-6.20%,$746.90,-15.90%,"$21,541.50","$15,598.90",-38,"26,889",-38
Sherwin-Williams,175,"$19,944.60",8.60%,"$1,864.40",-8.20%,"$20,666.70","$65,037.90",-13,"61,626",-13
Builders FirstSource,176,"$19,893.90",132.40%,"$1,725.40",450.30%,"$10,714.30","$11,408.90",174,"28,000",174
Marsh & McLennan,177,"$19,820",15.10%,"$3,143",55.90%,"$34,388","$85,681.30",-2,"83,000",-2
PNC Financial Services Group,178,"$19,698",-18.10%,"$5,674",-24.50%,"$557,191","$77,203.40",-58,"58,547",-58
Lumen Technologies,179,"$19,687",-4.90%,"$2,033",-,"$57,993","$11,533.40",-40,"36,000",-40
Avnet,180,"$19,534.70",10.80%,$193.10,-,"$8,925.40","$4,016.90",-12,"14,500",-12
Tenet Healthcare,181,"$19,485",10.50%,$914,129.10%,"$27,579","$9,387.60",-14,"88,968",-14
Kimberly-Clark,182,"$19,440",1.60%,"$1,814",-22.90%,"$17,837","$41,496.10",-24,"45,000",-24
Kohl's,183,"$19,433",21.80%,$938,-,"$15,054","$7,774.60",12,"67,000",12
BlackRock,184,"$19,374",19.60%,"$5,901",19.60%,"$152,648","$116,186.20",8,"18,400",8
Jones Lang LaSalle,185,"$19,367",16.70%,$961.60,138.90%,"$15,505","$11,945.50",1,"98,200",1
Lear,186,"$19,263.10",13%,$373.90,135.90%,"$13,352.40","$8,513.10",-7,"160,100",-7
Lincoln National,187,"$19,230",10.30%,"$1,405",181.60%,"$387,301","$11,271.60",-15,"10,848",-15
Charles Schwab,188,"$18,996",56.90%,"$5,855",77.50%,"$667,270","$159,675.90",63,"33,400",63
Ross Stores,189,"$18,916.20",50.90%,"$1,722.60",1917.50%,"$13,640.30","$31,741.70",53,"100,000",53
Mastercard,190,"$18,884",23.40%,"$8,687",35.50%,"$37,669","$349,330.50",11,"24,000",11
Genuine Parts,191,"$18,870.50",8.50%,$898.80,-,"$14,352.10","$17,888.10",-18,"52,000",-18
WestRock,192,"$18,746.10",6.60%,$838.30,-,"$29,254.30","$12,379",-22,"49,900",-22
EOG Resources,193,"$18,642",69%,"$4,664",-,"$38,236","$69,796",92,"2,800",92
Cognizant Technology Solutions,194,"$18,507",11.10%,"$2,137",53.50%,"$17,852","$47,035",-9,"330,600",-9
Moderna,195,"$18,471",2199.10%,"$12,202",-,"$24,669","$69,424.30",-,"2,700",-
Steel Dynamics,196,"$18,408.90",91.70%,"$3,214.10",483.50%,"$12,531.20","$15,811.50",123,"10,640",123
HF Sinclair,197,"$18,389.10",64.40%,$558.30,-,"$12,916.60","$8,895.80",82,"4,208",82
Texas Instruments,198,"$18,344",26.90%,"$7,769",38.90%,"$24,676","$169,329.60",12,"31,000",12
Emerson Electric,199,"$18,236",8.60%,"$2,303",17.20%,"$24,715","$58,241.70",-18,"86,700",-18
WESCO International,200,"$18,217.50",47.80%,$465.40,362.80%,"$12,617.70","$6,598.50",45,"18,000",-
General Mills,201,"18,127",2.80%,"2,340",7.30%,"31,842","40,782",-32,"35,000",-32
Tenneco,202,"18,035",17.30%,35,-,"11,622","1,523",-3,"71,000",-3
Waste Management,203,"17,931",17.80%,"1,816",21.40%,"29,097","65,803",-1,"48,500",-1
Viatris,204,"17,886",49.70%,"-1,269",-,"54,843","13,160",50,"37,000",50
DISH Network,205,"17,881",15.40%,"2,411",36.80%,"48,002","16,743",-8,"14,500",-8
L3Harris Technologies,206,"17,814",-2.10%,"1,846",65%,"34,709","47,970",-43,"47,000",-43
DXC Technology,207,"17,729",-9.40%,-149,-,"22,038","7,977",-55,"134,000",-55
Block,208,"17,661",86%,166,-22%,"13,926","78,656",115,"8,521",115
Goodyear Tire & Rubber,209,"17,478",41.90%,764,-,"21,402","4,029",37,"72,000",37
Uber Technologies,210,"17,455",56.70%,-496,-,"38,774","69,753",71,"29,300",71
Colgate-Palmolive,211,"17,421",5.80%,"2,166",-19.60%,"15,040","63,742",-23,"33,800",-23
Stanley Black & Decker,212,"17,253",18.70%,"1,689",36.90%,"28,180","22,843",-3,"71,300",-3
DuPont,213,"17,160",-15.90%,"6,467",-,"45,707","37,740",-69,"28,000",-69
Stryker,214,"17,108",19.20%,"1,994",24.70%,"34,631","100,978",-2,"46,000",-2
NextEra Energy,215,"17,069",-5.20%,"3,573",22.40%,"140,912","166,264",-49,"15,000",-49
Targa Resources,216,"16,950",105.20%,71,-,"15,208","17,244",148,"2,430",148
Western Digital,217,"16,922",1.10%,821,-,"26,132","15,536",-35,"65,600",-35
PPG Industries,218,"16,802",21.50%,"1,439",35.90%,"21,351","30,952",2,"49,300",2
American Electric Power,219,"16,792",12.60%,"2,488",13.10%,"87,669","50,339",-15,"16,688",-15
Gap,220,"16,670",20.80%,256,-,"12,761","5,207",1,"97,000",1
BJ's Wholesale Club,221,"16,667",8%,427,1.30%,"5,669","9,147",-23,"34,000",-23
Reinsurance Group of America,222,"16,658",14.10%,617,48.70%,"92,175","7,355",-15,"3,500",-15
Kinder Morgan,223,"16,610",42%,"1,784",1399.20%,"70,416","42,878",39,"10,529",39
Oneok,224,"16,540",93.60%,"1,500",144.70%,"23,622","31,516",127,"2,847",127
Expeditors Intl. of Washington,225,"16,524",72.40%,"1,416",103.30%,"7,610","17,269",74,"19,070",74
Advanced Micro Devices,226,"16,434",68.30%,"3,162",27%,"12,419","177,936",83,"15,500",83
Fiserv,227,"16,226",9.30%,"1,334",39.20%,"76,249","66,133",-22,"44,000",-22
Est√©e Lauder,228,"16,215",13.40%,"2,870",319.60%,"21,971","97,672",-15,"53,320",-15
Bank of New York Mellon,229,"16,158",-4.60%,"3,759",3.90%,"444,438","40,057",-49,"49,100",-49
Laboratory Corp. of America,230,"16,121",15.30%,"2,377",52.80%,"20,385","24,626",-12,"71,725",-12
Regeneron Pharmaceuticals,231,"16,072",89.10%,"8,075",129.90%,"25,435","75,806",123,"10,368",123
Land O'Lakes,232,"15,916",14.10%,287,8.50%,"9,560",-,-13,"9,000",-13
Cheniere Energy,233,"15,864",69.50%,"-2,343",-,"39,258","35,272",95,"1,550",95
Southwest Airlines,234,"15,790",74.50%,977,-,"36,320","27,129",102,"55,093",102
Adobe,235,"15,785",22.70%,"4,822",-8.30%,"27,241","215,281",-1,"25,988",-1
Synchrony Financial,236,"15,752",-4.40%,"4,221",204.80%,"95,748","18,146",-49,"18,000",-49
Corteva,237,"15,655",10.10%,"1,759",158.30%,"42,344","41,775",-23,"21,000",-23
Fidelity National Financial,238,"15,643",45.10%,"2,422",69.70%,"60,690","13,850",50,"28,290",50
DTE Energy,239,"15,369",26.20%,907,-33.70%,"39,719","25,615",11,"10,300",11
Murphy USA,240,"15,319",61.20%,397,2.80%,"4,048","4,889",82,"10,430",82
Halliburton,241,"15,295",5.90%,"1,457",-,"22,321","34,029",-30,"40,000",-30
Automatic Data Processing,242,"15,005",2.80%,"2,599",5.40%,"48,773","95,577",-34,"56,000",-34
Edison International,243,"14,905",9.80%,759,2.70%,"74,745","26,694",-17,"13,003",-17
BorgWarner,244,"14,838",46%,537,7.40%,"16,575","9,335",51,"49,300",51
Nordstrom,245,"14,789",38%,178,-,"8,869","4,321",44,"72,000",44
Loews,246,"14,657",16.50%,"1,578",-,"81,626","15,971",-7,"10,340",-7
Guardian Life Ins. Co. of America,247,"14,648",8%,289,1128.50%,"90,420",-,-20,"9,150",-20
Pioneer Natural Resources,248,"14,643",119%,"2,118",-,"36,811","60,728",180,"1,932",180
AutoZone,249,"14,630",15.80%,"2,170",25.20%,"14,516","40,583",-11,"85,050",-11
Lam Research,250,"14,626",45.60%,"3,909",73.60%,"15,892","74,997",54,"14,100",54
American Family Insurance Group,251,"14,612",11.80%,735,82.20%,"36,316",-,-19,"13,590",-19
Illinois Tool Works,252,"14,455",15%,"2,694",27.70%,"16,077","65,312",-12,"45,000",-12
Parker-Hannifin,253,"14,348",4.80%,"1,746",44.70%,"20,341","36,457",-30,"54,640",-30
Otis Worldwide,254,"14,298",12.10%,"1,246",37.50%,"12,279","32,701",-18,"70,000",-18
Omnicom Group,255,"14,289",8.50%,"1,408",48.90%,"28,422","17,566",-26,"71,700",-26
Principal Financial,256,"14,263",-3.20%,"1,711",22.60%,"304,657","19,177",-50,"18,600",-50
Dominion Energy,257,"14,218",-11.80%,"3,288",-,"99,590","68,883",-64,"17,100",-64
Kellogg,258,"14,181",3%,"1,488",18.90%,"18,178","21,890",-36,"31,000",-36
Fluor,259,"14,157",-10.90%,-440,-,"7,280","4,052",-63,"40,582",-63
AECOM,260,"14,112",-13.90%,173,-,"11,734","10,857",-71,"51,000",-71
Reliance Steel & Aluminum,261,"14,093",59.90%,"1,413",282.80%,"9,536","11,314",82,"13,950",82
Jacobs Engineering Group,262,"14,093",3.80%,477,-3%,"14,633","17,807",-37,"53,500",-37
Corning,263,"14,082",24.60%,"1,906",272.30%,"30,154","31,213",14,"61,200",14
Farmers Insurance Exchange,264,"14,055",18.40%,-367,-,"21,741",-,-8,"11,787",-8
Qurate Retail,265,"14,044",-0.90%,340,-71.80%,"16,249","1,807",-49,"26,745",-49
Pacific Life,266,"13,936",38.50%,"1,102",-,"209,486",-,37,"3,861",37
PulteGroup,267,"13,927",26.20%,"1,946",38.30%,"13,353","10,116",17,"6,182",17
Fidelity National Information Services,268,"13,877",10.60%,417,163.90%,"82,931","61,215",-27,"65,000",-27
IQVIA Holdings,269,"13,874",22.10%,966,246.20%,"24,689","44,141",6,"79,000",6
Marriott International,270,"13,857",31.10%,"1,099",-,"25,553","57,515",23,"120,000",23
Berry Global Group,271,"13,850",18.30%,733,31.10%,"17,882","7,832",-10,"47,000",-10
Ball,272,"13,811",17.20%,878,50.10%,"19,714","28,909",-12,"24,300",-12
Group 1 Automotive,273,"13,802",27.20%,552,92.70%,"5,749","2,860",13,"13,711",13
Leidos Holdings,274,"13,737",11.70%,753,19.90%,"13,261","14,728",-26,"43,000",-26
Wayfair,275,"13,708",-3.10%,-131,-170.80%,"4,570","11,642",-58,"16,681",-58
Consolidated Edison,276,"13,676",11.70%,"1,346",22.30%,"63,116","33,525",-27,"13,871",-27
Ameriprise Financial,277,"13,443",12.40%,"2,760",79.90%,"175,979","33,213",-24,"12,000",-24
Xcel Energy,278,"13,431",16.50%,"1,597",8.40%,"57,851","39,276",-6,"11,321",-6
O'Reilly Automotive,279,"13,328",14.80%,"2,165",23.50%,"11,719","45,410",-11,"76,158",-11
Global Partners,280,"13,248",59.20%,61,-40.50%,"2,831",927,81,"2,960",81
Discover Financial Services,281,"13,221",2.10%,"5,449",377.60%,"110,242","31,077",-48,"16,700",-48
Rocket Companies,282,"13,176",-17.60%,308,55.70%,"32,775","21,906",-88,"26,000",-88
LKQ,283,"13,089",12.60%,"1,091",70.90%,"12,606","12,941",-17,"46,000",-17
W.W. Grainger,284,"13,022",10.40%,"1,043",50.10%,"6,592","26,358",-26,"23,450",-26
Quanta Services,285,"12,980",15.90%,486,9.10%,"12,855","18,780",-7,"43,700",-7
Crown Holdings,286,"12,979",12.10%,-560,-196.70%,"13,858","15,461",-17,"26,000",-17
Fox,287,"12,909",4.90%,"2,150",115.20%,"22,926","21,423",-40,"9,000",-40
Sempra,288,"12,857",7.70%,"1,317",-66.50%,"72,045","53,088",-33,"15,390",-33
Markel,289,"12,846",32%,"2,425",197.20%,"48,449","20,038",22,"20,300",22
Carvana,290,"12,814",129.40%,-135,-,"7,015","19,550",193,"21,000",193
XPO Logistics,291,"12,806",-21.20%,336,205.50%,"8,707","8,357",-101,"44,700",-101
Baxter International,292,"$12,784",9.50%,"$1,284",16.50%,"$33,521","$39,017.90",-28,"60,000",-28
Ecolab,293,"$12,733.10",-0.10%,"$1,129.90",-,"$21,206.40","$50,548.40",-56,"47,000",-56
Tractor Supply,294,"$12,731.10",19.90%,$997.10,33.10%,"$7,767.50","$26,171.60",-3,"34,000",-3
Andersons,295,"$12,728.80",55.10%,$104,1248.70%,"$4,569.20","$1,708.20",71,"2,334",71
Keurig Dr Pepper,296,"$12,683",9.20%,"$2,146",62%,"$50,598","$53,748.20",-29,"27,500",-29
Universal Health Services,297,"$12,642.10",9.40%,$991.60,5%,"$13,093.50","$10,843.10",-27,"78,850",-27
CSX,298,"$12,522",18.30%,"$3,781",36.70%,"$40,531","$81,587.80",-6,"20,919",-6
Henry Schein,299,"$12,401",22.60%,$631.20,56.30%,"$8,481.10","$11,960.10",-1,"21,600",-1
Sonic Automotive,300,"$12,396.40",26.90%,$348.90,-,"$4,975.10","$1,728.80",8,"10,200",-
eBay,301,"12,394",9.20%,"13,608",140.10%,"26,626","33,642",-25,"10,800",-25
Textron,302,"12,382",6.30%,746,141.40%,"15,827","16,091",-37,"33,000",-37
Jones Financial (Edward Jones),303,"12,373",21.70%,"1,605",24.90%,"32,208",-,-8,"50,000",-8
Community Health Systems,304,"12,368",4.90%,230,-55%,"15,217","1,599",-45,"58,500",-45
Mosaic,305,"12,357",42.30%,"1,631",144.80%,"22,036","24,493",41,"12,525",41
Thor Industries,306,"12,317",50.80%,660,195.90%,"6,654","4,331",62,"31,000",62
Dick's Sporting Goods,307,"12,293",28.30%,"1,520",186.60%,"9,042","7,987",13,"34,300",13
Newmont,308,"12,222",6.30%,"1,166",-58.80%,"40,564","62,968",-35,"14,400",-35
Devon Energy,309,"12,206",139.80%,"2,813",-,"21,025","39,274",211,"1,600",-
Warner Bros. Discovery,310,"12,191",14.20%,"1,006",-17.50%,"34,427","12,701",-20,"11,000",-20
J.B. Hunt Transport Services,311,"12,168",26.30%,761,50.30%,"6,794","21,053",4,"33,045",4
Alcoa,312,"12,152",30.90%,429,-,"15,025","16,603",18,"12,200",18
Peter Kiewit Sons',313,"12,149",-2.50%,753,-8.80%,"6,238",-,-70,"28,800",-70
Aramark,314,"12,096",-5.70%,-91,-,"14,376","9,656",-79,"248,300",-79
Vistra,315,"12,077",5.50%,"-1,274",-300.30%,"29,683","10,435",-41,"5,060",-41
State Street,316,"12,030",-0.40%,"2,693",11.30%,"314,624","31,892",-64,"38,784",-64
Unum Group,317,"12,014",-8.70%,824,3.90%,"70,116","6,383",-87,"10,200",-87
Alleghany,318,"12,004",34.90%,"1,035",917.10%,"32,269","11,396",21,"13,313",21
Boston Scientific,319,"11,888",19.90%,"1,041",-,"32,229","63,310",-14,"41,000",-14
Westlake,320,"11,778",57%,"2,015",510.60%,"18,459","15,785",68,"14,550",68
Entergy,321,"11,743",16.10%,"1,119",-19.40%,"59,454","23,760",-21,"12,369",-21
International Flavors & Fragrances,322,"11,656",129.30%,270,-25.70%,"39,658","33,456",200,"24,000",-
DaVita,323,"11,619",0.60%,979,26.50%,"17,122","10,893",-52,"69,000",-52
Mutual of Omaha Insurance,324,"11,459",3.30%,579,-17.10%,"49,853",-,-42,"5,739",-42
Assurant,325,"11,410",13%,"1,372",210.60%,"33,912","10,493",-23,"15,600",-23
Liberty Media,326,"11,400",21.80%,398,-,"44,351","15,239",-,"6,886",-
Hormel Foods,327,"11,386",18.50%,909,0.10%,"12,696","28,089",-10,"20,000",-10
Icahn Enterprises,328,"11,328",85%,-518,-,"27,746","15,237",125,"19,536",125
Republic Services,329,"11,295",11.20%,"1,290",33.40%,"24,955","41,842",-32,"35,000",-32
Mohawk Industries,330,"11,201",17.30%,"1,033",100.40%,"14,225","8,082",-9,"43,000",-9
Conagra Brands,331,"11,185",1.20%,"1,299",54.60%,"22,196","16,104",-48,"18,600",-48
Norfolk Southern,332,"11,142",13.80%,"3,005",49.30%,"38,493","68,389",-25,"18,100",-25
AES,333,"11,141",15.30%,-409,-989.10%,"32,963","17,172",-20,"8,450",-20
AGCO,334,"11,138",21.70%,897,110%,"9,182","10,885",-3,"23,300",-3
Caesars Entertainment,335,"11,110",219.80%,"-1,019",-,"38,031","16,565",340,"49,000",-
Equitable Holdings,336,"11,036",-11.10%,-439,-,"292,262","12,041",-92,"10,000",-92
Advance Auto Parts,337,"10,998",8.80%,616,25%,"12,194","12,645",-36,"54,500",-36
Biogen,338,"10,982",-18.30%,"1,556",-61.10%,"23,877","30,950",-110,"9,610",-110
Auto-Owners Insurance,339,"10,980",24%,"1,318",59%,"32,487",-,2,"6,441",2
Booking Holdings,340,"10,958",61.20%,"1,165",1874.60%,"23,641","96,023",84,"20,199",84
Amphenol,341,"10,876",26.50%,"1,591",32.20%,"14,678","45,130",8,"90,000",8
Quest Diagnostics,342,"10,788",14.30%,"1,995",39.40%,"13,611","16,349",-18,"44,500",-18
FirstEnergy,343,"10,758",3.10%,"1,283",18.90%,"45,432","26,182",-49,"12,395",-49
DCP Midstream,344,"10,707",69.90%,391,-,"13,380","6,993",98,"1,788",98
Ally Financial,345,"10,690",-0.80%,"3,060",182%,"182,114","14,412",-58,"10,500",-58
Delek US Holdings,346,"10,648",45.80%,-204,-,"6,728","1,500",51,"3,312",51
Williams,347,"10,627",37.70%,"1,517",619%,"47,612","40,670",32,"4,783",32
Newell Brands,348,"10,589",12.80%,572,-,"14,179","8,902",-23,"32,000",-23
Eastman Chemical,349,"10,476",23.60%,857,79.30%,"15,519","14,450",6,"14,000",6
Air Products & Chemicals,350,"10,323",16.60%,"2,099",11.30%,"26,859","55,409",-10,"20,750",-10
Thrivent Financial for Lutherans,351,"10,313",26.50%,"2,530",297.20%,"116,525",-,18,"3,256",18
Molson Coors Beverage,352,"10,280",6.50%,"1,006",-,"27,619","11,632",-38,"16,300",-38
Interpublic Group,353,"10,241",13%,953,171.40%,"19,909","13,966",-19,"55,600",-19
Weyerhaeuser,354,"10,201",35.40%,"2,607",227.10%,"17,652","28,315",33,"9,214",33
Altice USA,355,"10,091",2%,990,127%,"33,215","5,674",-49,"9,000",-49
Raymond James Financial,356,"9,910",21.30%,"1,403",71.50%,"61,891","22,818",11,"15,000",11
EMCOR Group,357,"9,904",12.60%,384,188.50%,"5,441","5,932",-13,"34,000",-13
Eversource Energy,358,"9,863",10.80%,"1,221",1.30%,"48,492","30,403",-20,"9,227",-20
Yum China Holdings,359,"9,853",19.20%,990,26.30%,"13,223","17,679",4,"298,500",4
Asbury Automotive Group,360,"9,838",37.90%,532,109.30%,"8,003","3,715",45,"14,200",45
Owens & Minor,361,"9,785",12.40%,222,641.80%,"3,537","3,376",-16,"17,300",-16
Public Service Enterprise Group,362,"9,722",1.20%,-648,-134%,"48,999","35,146",-44,"12,684",-44
United Rentals,363,"9,716",13.90%,"1,386",55.70%,"20,292","25,643",-11,"20,400",-11
MGM Resorts International,364,"9,680",87.50%,"1,254",-,"40,899","18,258",153,"60,500",-
Ryder System,365,"9,663",14.80%,519,-,"13,834","4,055",-8,"42,800",-8
Intuit,366,"9,633",25.40%,"2,062",12.90%,"15,516","135,988",14,"17,350",14
Cincinnati Financial,367,"9,630",27.80%,"2,946",142.20%,"31,387","21,813",19,"5,166",19
Erie Insurance Group,368,"9,620",11%,"1,130",-3.70%,"27,297",-,-21,"5,805",-21
Univar Solutions,369,"9,536",15.40%,461,770.70%,"6,778","5,460",-7,"9,450",-7
Huntington Ingalls Industries,370,"9,524",1.70%,544,-21.80%,"10,627","7,991",-43,"44,000",-43
W.R. Berkley,371,"9,456",16.70%,"1,023",92.70%,"32,086","17,659",1,"7,681",1
Western & Southern Financial Group,372,"9,442",17.20%,361,76.70%,"62,877",-,2,"2,538",2
Insight Enterprises,373,"9,436",13.10%,219,27.10%,"4,689","3,745",-13,"11,624",-13
News Corp.,374,"9,358",3.90%,330,-,"16,771","13,128",-37,"24,000",-37
American Tower,375,"9,357",16.40%,"2,568",51.90%,"69,888","114,527",-,"6,378",-
Old Republic International,376,"9,342",30.40%,"1,534",174.70%,"24,982","7,973",25,"9,600",25
Burlington Stores,377,"9,322",61.70%,409,-,"7,090","12,113",94,"38,599",94
Avis Budget Group,378,"9,313",72.40%,"1,285",-,"22,600","14,157",120,"18,500",120
ODP,379,"9,267",-4.60%,-208,-,"4,865","2,222",-67,"26,000",-67
VF,380,"9,239",-21%,408,-40%,"13,754","22,113",-117,"33,600",-117
Bed Bath & Beyond,381,"9,233",-17.30%,-151,-,"6,457","2,171",-101,"37,600",-101
Seaboard,382,"9,229",29.50%,570,101.40%,"7,503","4,882",24,"13,200",24
First American Financial,383,"9,221",30.10%,"1,241",78.20%,"16,451","7,087",26,"22,233",26
Intercontinental Exchange,384,"9,168",11.20%,"4,058",94.30%,"193,502","74,045",-19,"8,858",-19
PVH,385,"9,155",28.40%,952,-,"12,397","5,210",19,"25,000",19
Apollo Global Management,386,"9,124",332.20%,"1,839",1073.90%,"30,502","37,194",552,"2,153",-
Jefferies Financial Group,387,"9,040",30%,"1,674",116%,"60,404","7,934",32,"5,556",32
Hershey,388,"8,971",10.10%,"1,478",15.50%,"10,412","44,462",-18,"17,805",-18
NVR,389,"8,970",18.60%,"1,237",37.20%,"5,835","15,011",-6,"6,600",-6
Foot Locker,390,"8,958",18.70%,893,176.50%,"8,135","2,850",-5,"33,244",-5
Dana,391,"8,945",25.90%,197,-,"7,632","2,544",17,"40,200",17
SpartanNash,392,"$8,931",-4.50%,$73.80,-2.80%,"$2,206.80","$1,185.10",-63,"13,300",-63
Olin,393,"$8,910.60",54.80%,"$1,296.70",-,"$8,517.70","$8,062",79,"7,750",79
Chewy,394,"$8,890.80",24.40%,-$73.80,-,"$2,086.30","$17,147.30",9,"21,300",9
Jackson Financial,395,"$8,848",-,"$3,183",-,"$375,484","$3,895.10",-,"3,150",-
Activision Blizzard,396,"$8,803",8.90%,"$2,699",22.80%,"$25,056","$62,559.70",-23,"9,800",-23
Toll Brothers,397,"$8,790.40",24.20%,$833.60,86.70%,"$11,537.90","$5,515.40",14,"5,100",14
Carlyle Group,398,"$8,782.10",199.30%,"$2,974.70",754.30%,"$21,250.40","$17,427.50",360,"1,850",-
Graybar Electric,399,"$8,767.30",20.70%,$262.40,115.40%,"$3,069",-,-,"8,800",-
Ovintiv,400,"$8,658",42.20%,"$1,416",-,"$14,055","$13,987.50",58,"1,713",-
UFP Industries,401,"8,636",67.60%,536,117.10%,"3,245","4,791",117,"15,000",-
Ulta Beauty,402,"8,631",40.30%,986,460.70%,"4,764","20,838",49,"28,500",49
Constellation Brands,403,"8,615",3.30%,"1,998",-,"27,105","43,764",-44,"9,300",-44
Expedia Group,404,"8,598",65.40%,12,-,"21,548","30,477",111,"14,800",-
CommScope Holding,405,"8,587",1.80%,-463,-,"13,260","1,630",-49,"30,000",-49
Celanese,406,"8,537",51%,"1,890",-4.80%,"11,975","15,434",71,"8,529",71
Global Payments,407,"8,524",14.80%,966,65.20%,"45,280","38,546",-13,"25,000",-13
Owens Corning,408,"8,498",20.50%,995,-,"10,015","9,065",5,"20,000",5
Campbell Soup,409,"8,476",-6.30%,"1,002",-38.50%,"11,734","13,447",-74,"14,100",-74
Huntsman,410,"8,453",40.30%,"1,045",1.10%,"9,392","8,047",50,"9,000",50
Franklin Resources,411,"8,426",51.40%,"1,831",129.20%,"24,168","14,019",73,"10,300",73
Avery Dennison,412,"8,408",20.60%,740,33.10%,"7,972","14,327",5,"36,000",5
Masco,413,"8,375",14.90%,410,-66.50%,"5,575","12,063",-15,"20,000",-15
CenterPoint Energy,414,"8,352",-5.50%,"1,486",-,"37,679","19,286",-72,"9,418",-72
Fifth Third Bancorp,415,"8,329",-0.90%,"2,770",94.10%,"211,116","29,511",-57,"19,112",-57
WEC Energy Group,416,"8,316",14.80%,"1,300",8.40%,"38,989","31,484",-16,"6,938",-16
S&P Global,417,"8,297",11.50%,"3,024",29.30%,"15,026","142,344",-24,"22,850",-24
FM Global,418,"8,275",21.70%,"2,842",64.10%,"32,161",-,5,"5,560",5
Polaris,419,"8,252",16.10%,494,295.80%,"5,048","6,264",-12,"16,000",-12
Williams-Sonoma,420,"8,246",21.60%,"1,126",65.50%,"4,626","10,376",5,"16,600",5
Autoliv,421,"8,230",10.50%,435,132.70%,"7,537","6,691",-29,"58,176",-29
Arthur J. Gallagher,422,"8,209",17.20%,907,10.70%,"33,345","36,599",-6,"39,000",-6
Motorola Solutions,423,"8,171",10.20%,"1,245",31.20%,"12,189","40,556",-28,"18,700",-28
Zillow Group,424,"8,147",143.90%,-528,-,"10,696","12,287",268,"8,005",-
Opendoor Technologies,425,"8,021",210.50%,-662,-,"9,506","5,364",394,"2,816",-
J.M. Smucker,426,"8,003",2.60%,876,12.40%,"16,284","14,686",-48,"7,100",-48
Realogy Holdings,427,"7,983",28.30%,343,-,"7,210","1,852",18,"9,748",18
Oshkosh,428,"7,953",16%,409,26.20%,"6,722","6,704",-6,"15,000",-6
MasTec,429,"7,952",25.80%,329,1.90%,"7,121","6,657",12,"27,000",12
GXO Logistics,430,"7,940",-,153,-,"7,271","8,193",-,"97,500",-
APA,431,"7,928",84%,973,-,"13,303","14,332",164,"2,253",-
Boise Cascade,432,"7,926",44.80%,713,307.20%,"2,573","2,740",61,"6,130",61
Dover,433,"7,907",18.30%,"1,124",64.40%,"10,404","22,610",-4,"25,000",-4
Genworth Financial,434,"7,882",-9%,904,407.90%,"99,171","1,918",-86,"2,500",-86
Bath & Body Works,435,"7,882",-33.50%,"1,334",57.90%,"6,026","11,420",-178,"32,850",-178
Booz Allen Hamilton Holding,436,"7,859",5.30%,609,26.20%,"5,500","11,705",-45,"27,700",-45
Coinbase Global,437,"7,839",513.70%,"3,624",1024.40%,"21,274","41,670",-,"3,730",-
Zimmer Biomet Holdings,438,"7,836",11.60%,402,-,"23,456","26,772",-24,"19,500",-24
Westinghouse Air Brake Technologies,439,"7,822",3.50%,558,34.70%,"18,454","17,819",-55,"25,000",-55
Zoetis,440,"7,776",16.50%,"2,037",24.40%,"13,900","89,009",-9,"12,100",-9
Packaging Corp. of America,441,"7,730",16.10%,841,82.50%,"7,837","14,628",-8,"15,200",-8
LPL Financial Holdings,442,"7,721",31.50%,460,-2.70%,"7,992","14,609",24,"5,919",24
T. Rowe Price,443,"7,672",23.60%,"3,083",29.90%,"12,509","34,443",4,"7,529",4
Fortune Brands Home & Security,444,"7,656",25.70%,772,39.60%,"7,936","9,831",12,"28,056",12
Casey's General Stores,445,"7,654",-5.60%,313,18.60%,"4,460","7,354",-74,"27,583",-74
A-Mark Precious Metals,446,"7,613",39.40%,160,423.20%,"1,192",891,49,347,49
Hess,447,"7,583",57.80%,559,-,"20,515","33,155",96,"1,545",-
Vertex Pharmaceuticals,448,"7,574",22.10%,"2,342",-13.60%,"13,433","66,437",-,"3,900",-
KeyCorp,449,"7,561",3.10%,"2,625",95.50%,"186,346","20,593",-53,"16,974",-53
Chipotle Mexican Grill,450,"7,547",26.10%,653,83.50%,"6,653","44,347",14,"97,660",14
CMS Energy,451,"7,538",12.80%,"1,353",79.20%,"28,753","20,292",-21,"8,813",-21
Arconic,452,"7,504",32.20%,-397,-,"6,580","2,691",24,"13,900",24
Taylor Morrison Home,453,"7,501",22.40%,663,172.40%,"8,728","3,302",-1,"3,000",-1
American Financial Group,454,"7,462",-5.70%,"1,995",172.50%,"28,931","12,368",-78,"6,600",-78
UGI,455,"7,447",13.50%,"1,467",175.80%,"16,723","7,599",-19,"11,300",-19
Science Applications International,456,"7,394",4.80%,277,32.50%,"5,746","5,166",-44,"25,090",-44
Avantor,457,"7,386",15.50%,573,391.10%,"13,897","20,629",-19,"13,500",-19
Hanesbrands,458,"7,348",10.30%,77,-,"7,071","5,191",-26,"58,000",-26
Clorox,459,"7,341",9.20%,710,-24.40%,"6,334","17,109",-32,"9,000",-32
KBR,460,"7,339",27.30%,18,-,"6,199","7,635",10,"28,000",10
TravelCenters of America,461,"7,337",51.40%,59,-,"3,509",638,79,"16,540",-
Hertz Global Holdings,462,"7,336",39.50%,366,-,"19,783","9,509",46,"23,000",-
Analog Devices,463,"7,318",30.60%,"1,390",13.90%,"52,322","86,441",18,"24,700",18
Securian Financial Group,464,"7,317",6.50%,312,28.10%,"75,169",-,-43,"6,941",-43
Darden Restaurants,465,"7,196",-7.80%,629,-,"10,656","16,981",-88,"156,883",-88
Graphic Packaging Holding,466,"7,156",9.10%,204,21.90%,"10,457","6,154",-31,"25,000",-31
NCR,467,"7,156",15.30%,97,-,"11,641","5,475",-20,"38,000",-20
Brighthouse Financial,468,"7,142",-16%,-108,-,"259,840","3,959",-115,"1,500",-115
PPL,469,"7,127",-6.30%,"-1,480",-200.70%,"33,223","21,002",-87,"5,607",-87
Cintas,470,"7,116",0.40%,"1,111",26.80%,"8,237","43,567",-60,"40,000",-60
Xerox Holdings,471,"7,038",0.20%,-455,-337%,"13,223","3,123",-56,"23,300",-56
Rockwell Automation,472,"6,997",10.50%,"1,358",32.70%,"10,702","32,538",-32,"24,500",-32
Citizens Financial Group,473,"6,986",-9%,"2,319",119.40%,"188,409","19,136",-92,"17,463",-92
KLA,474,"6,919",19.20%,"2,078",70.80%,"10,271","55,171",-6,"11,425",-6
Camping World Holdings,475,"6,914",26.90%,279,127.60%,"4,373","2,665",21,"12,834",21
Ingredion,476,"6,894",15.10%,117,-66.40%,"6,999","5,814",-13,"12,000",-13
Veritiv,477,"6,851",8%,145,322.80%,"2,438","2,008",-38,"6,100",-38
Beacon Roofing Supply,478,"6,820",-1.80%,243,-,"5,549","4,176",-58,"6,676",-58
Diamondback Energy,479,"6,797",141.60%,"2,182",-,"22,898","24,320",302,870,-
Victoria's Secret,480,"6,785",-,646,-,"4,344","4,330",-,"24,000",-
Academy Sports and Outdoors,481,"6,773",19.10%,671,117.40%,"4,585","3,434",-6,"16,508",-6
Sanmina,482,"6,757",-2.90%,269,92.50%,"4,207","2,569",-64,"33,500",-64
ON Semiconductor,483,"6,740",28.30%,"1,010",331.10%,"9,626","27,079",26,"31,650",-
Commercial Metals,484,"6,730",22.90%,413,47.70%,"4,639","5,057",8,"11,089",8
EnLink Midstream,485,"6,686",71.70%,22,-,"8,483","4,671",145,"1,073",-
Southwestern Energy,486,"6,667",188.90%,-25,-,"11,848","7,990",407,938,-
Equinix,487,"6,636",10.60%,500,35.30%,"27,919","67,281",-26,"10,944",-26
Dillard's,488,"6,624",49.40%,863,-,"3,246","4,928",97,"25,350",-
Regions Financial,489,"6,605",-0.80%,"2,521",130.40%,"162,938","20,861",-55,"19,626",-55
Yum Brands,490,"6,584",16.50%,"1,575",74.20%,"5,966","34,253",-12,"25,650",-12
Landstar System,491,"6,540",58.10%,382,98.60%,"2,046","5,600",115,"1,399",-
CF Industries Holdings,492,"$6,538.30",58.50%,$917.10,189.30%,"$12,375.20","$21,551.30",117,"3,003",-
Northern Trust,493,"$6,488.30",3%,"$1,545.30",27.80%,"$183,889.80","$24,215.10",-50,"21,100",-50
Robert Half International,494,"$6,461.40",26.50%,$598.60,95.50%,"$2,952.40","$12,638.10",25,"14,600",-
Compass,495,"$6,421",72.60%,-$494.10,-,"$1,800.60","$3,358.80",151,"4,775",-
Hasbro,496,"$6,420.40",17.50%,$428.70,92.70%,"$10,037.80","$11,383.60",-2,"6,640",-2
Roper Technologies,497,"$6,415.80",16.10%,"$1,152.60",21.40%,"$23,713.90","$49,868.80",-9,"19,300",-9
ARKO,498,"$6,412.60",88.10%,$59.20,348.90%,"$2,942.30","$1,133.90",183,"11,236",-
Frontier Communications,499,"$6,411",-10.40%,-,-,"$16,481","$6,763.10",-97,"15,640",-97
Ameren,500,"$6,394",10.40%,$990,13.70%,"$35,735","$24,198.70",-31,"9,116",-
